<?xml version="1.0" encoding="UTF-8"?>
<!DOCTYPE organization PUBLIC "-//Carnegie Mellon University//DTD Content Organization Simple 2.2//EN" "http://oli.web.cmu.edu/dtd/oli_content_organization_simple_2_2.dtd">
<organization id="project_template-5.7_default" version="1.0">
	<title>Default Organization</title>
	<description>Sample organization included with the OLI project template.</description>
	<audience>This organization is intended as an example for OLI content authors.</audience>
	<sequences>
		<sequence id="part1" category="content">
			<title>Project Template</title>
			<module id="introduction">
				<title>Introduction</title>
				<item>
					<resourceref idref="welcome"/>
				</item>
			</module>
		</sequence>
	</sequences>
</organization>

